forecast_window,target,task,model,metric,value,n_test
May-Jun,yield_t_ha,regression,HistoricalMeanImprovedFeatures,MAE,0.6832091978473597,149
May-Jun,yield_t_ha,regression,HistoricalMeanImprovedFeatures,RMSE,0.9614447123179034,149
May-Jun,yield_t_ha,regression,HistoricalMeanImprovedFeatures,R2,0.4230688859871726,149
May-Jun,yield_t_ha,regression,Ridge,MAE,0.5728494071955574,149
May-Jun,yield_t_ha,regression,Ridge,RMSE,0.7470145760044083,149
May-Jun,yield_t_ha,regression,Ridge,R2,0.6517160328869225,149
May-Jun,yield_t_ha,regression,ElasticNet,MAE,0.5448909745099275,149
May-Jun,yield_t_ha,regression,ElasticNet,RMSE,0.7209526037960298,149
May-Jun,yield_t_ha,regression,ElasticNet,R2,0.6755940881985308,149
May-Jun,yield_t_ha,regression,HistGradientBoosting,MAE,0.5961958128557017,149
May-Jun,yield_t_ha,regression,HistGradientBoosting,RMSE,0.8344969855995767,149
May-Jun,yield_t_ha,regression,HistGradientBoosting,R2,0.5653648207177036,149
May-Jun,yield_t_ha,regression,LightGBM,MAE,0.6312855837345428,149
May-Jun,yield_t_ha,regression,LightGBM,RMSE,0.8516769948172058,149
May-Jun,yield_t_ha,regression,LightGBM,R2,0.547284709132239,149
May-Jun,yield_t_ha,regression,CatBoost,MAE,0.6135516946928522,149
May-Jun,yield_t_ha,regression,CatBoost,RMSE,0.8279282952439041,149
May-Jun,yield_t_ha,regression,CatBoost,R2,0.5721802976975527,149
May-Jun,yield_shortfall,regression,HistoricalMeanImprovedFeatures,MAE,0.613296683056354,149
May-Jun,yield_shortfall,regression,HistoricalMeanImprovedFeatures,RMSE,0.8233386254350032,149
May-Jun,yield_shortfall,regression,HistoricalMeanImprovedFeatures,R2,-0.2258690386207014,149
May-Jun,yield_shortfall,regression,Ridge,MAE,0.5717969413417139,149
May-Jun,yield_shortfall,regression,Ridge,RMSE,0.7595708020883465,149
May-Jun,yield_shortfall,regression,Ridge,R2,-0.04333462501136087,149
May-Jun,yield_shortfall,regression,ElasticNet,MAE,0.5507216106100742,149
May-Jun,yield_shortfall,regression,ElasticNet,RMSE,0.7446872886901028,149
May-Jun,yield_shortfall,regression,ElasticNet,R2,-0.002847688642962254,149
May-Jun,yield_shortfall,regression,HistGradientBoosting,MAE,0.6025161093156195,149
May-Jun,yield_shortfall,regression,HistGradientBoosting,RMSE,0.7915956900014511,149
May-Jun,yield_shortfall,regression,HistGradientBoosting,R2,-0.13316705122077632,149
May-Jun,yield_shortfall,regression,LightGBM,MAE,0.6128847193205247,149
May-Jun,yield_shortfall,regression,LightGBM,RMSE,0.7905994739407951,149
May-Jun,yield_shortfall,regression,LightGBM,R2,-0.13031668483321512,149
May-Jun,yield_shortfall,regression,CatBoost,MAE,0.6240563860908872,149
May-Jun,yield_shortfall,regression,CatBoost,RMSE,0.8058234455633543,149
May-Jun,yield_shortfall,regression,CatBoost,R2,-0.1742671034809311,149
May-Jun,low_yield_risk,classification,LogisticRegression,ROC_AUC,0.47571341833636915,149
May-Jun,low_yield_risk,classification,LogisticRegression,PR_AUC,0.17331540305520607,149
May-Jun,low_yield_risk,classification,LogisticRegression,Brier,0.16484553709629954,149
May-Jun,low_yield_risk,classification,LogisticRegression,F1_at_0.5,0.0,149
May-Jun,low_yield_risk,classification,LogisticRegression,Recall_at_0.5,0.0,149
May-Jun,low_yield_risk,classification_tuned_threshold,LogisticRegression_best_f1,PRECISION,0.1875,149
May-Jun,low_yield_risk,classification_tuned_threshold,LogisticRegression_best_f1,RECALL,0.5555555555555556,149
May-Jun,low_yield_risk,classification_tuned_threshold,LogisticRegression_best_f1,F1,0.2803738317757009,149
May-Jun,low_yield_risk,classification_tuned_threshold,LogisticRegression_best_f1,BRIER,0.16484553709629954,149
May-Jun,low_yield_risk,classification_tuned_threshold,LogisticRegression_best_f1,ROC_AUC,0.47571341833636915,149
May-Jun,low_yield_risk,classification_tuned_threshold,LogisticRegression_best_f1,PR_AUC,0.17331540305520607,149
May-Jun,low_yield_risk,classification_tuned_threshold,LogisticRegression_recall_ge_0_5,PRECISION,0.1875,149
May-Jun,low_yield_risk,classification_tuned_threshold,LogisticRegression_recall_ge_0_5,RECALL,0.5555555555555556,149
May-Jun,low_yield_risk,classification_tuned_threshold,LogisticRegression_recall_ge_0_5,F1,0.2803738317757009,149
May-Jun,low_yield_risk,classification_tuned_threshold,LogisticRegression_recall_ge_0_5,BRIER,0.16484553709629954,149
May-Jun,low_yield_risk,classification_tuned_threshold,LogisticRegression_recall_ge_0_5,ROC_AUC,0.47571341833636915,149
May-Jun,low_yield_risk,classification_tuned_threshold,LogisticRegression_recall_ge_0_5,PR_AUC,0.17331540305520607,149
May-Jun,low_yield_risk,classification_tuned_threshold,LogisticRegression_precision_ge_0_3,PRECISION,0.09090909090909091,149
May-Jun,low_yield_risk,classification_tuned_threshold,LogisticRegression_precision_ge_0_3,RECALL,0.07407407407407407,149
May-Jun,low_yield_risk,classification_tuned_threshold,LogisticRegression_precision_ge_0_3,F1,0.08163265306122448,149
May-Jun,low_yield_risk,classification_tuned_threshold,LogisticRegression_precision_ge_0_3,BRIER,0.16484553709629954,149
May-Jun,low_yield_risk,classification_tuned_threshold,LogisticRegression_precision_ge_0_3,ROC_AUC,0.47571341833636915,149
May-Jun,low_yield_risk,classification_tuned_threshold,LogisticRegression_precision_ge_0_3,PR_AUC,0.17331540305520607,149
May-Jun,low_yield_risk,classification,HistGradientBoostingClassifier,ROC_AUC,0.5425015179113539,149
May-Jun,low_yield_risk,classification,HistGradientBoostingClassifier,PR_AUC,0.1952635979481617,149
May-Jun,low_yield_risk,classification,HistGradientBoostingClassifier,Brier,0.15118105606464358,149
May-Jun,low_yield_risk,classification,HistGradientBoostingClassifier,F1_at_0.5,0.0,149
May-Jun,low_yield_risk,classification,HistGradientBoostingClassifier,Recall_at_0.5,0.0,149
May-Jun,low_yield_risk,classification_tuned_threshold,HistGradientBoostingClassifier_best_f1,PRECISION,0.19696969696969696,149
May-Jun,low_yield_risk,classification_tuned_threshold,HistGradientBoostingClassifier_best_f1,RECALL,0.9629629629629629,149
May-Jun,low_yield_risk,classification_tuned_threshold,HistGradientBoostingClassifier_best_f1,F1,0.3270440251572327,149
May-Jun,low_yield_risk,classification_tuned_threshold,HistGradientBoostingClassifier_best_f1,BRIER,0.15118105606464358,149
May-Jun,low_yield_risk,classification_tuned_threshold,HistGradientBoostingClassifier_best_f1,ROC_AUC,0.5425015179113539,149
May-Jun,low_yield_risk,classification_tuned_threshold,HistGradientBoostingClassifier_best_f1,PR_AUC,0.1952635979481617,149
May-Jun,low_yield_risk,classification_tuned_threshold,HistGradientBoostingClassifier_recall_ge_0_5,PRECISION,0.19696969696969696,149
May-Jun,low_yield_risk,classification_tuned_threshold,HistGradientBoostingClassifier_recall_ge_0_5,RECALL,0.9629629629629629,149
May-Jun,low_yield_risk,classification_tuned_threshold,HistGradientBoostingClassifier_recall_ge_0_5,F1,0.3270440251572327,149
May-Jun,low_yield_risk,classification_tuned_threshold,HistGradientBoostingClassifier_recall_ge_0_5,BRIER,0.15118105606464358,149
May-Jun,low_yield_risk,classification_tuned_threshold,HistGradientBoostingClassifier_recall_ge_0_5,ROC_AUC,0.5425015179113539,149
May-Jun,low_yield_risk,classification_tuned_threshold,HistGradientBoostingClassifier_recall_ge_0_5,PR_AUC,0.1952635979481617,149
May-Jun,low_yield_risk,classification_tuned_threshold,HistGradientBoostingClassifier_precision_ge_0_3,PRECISION,0.0,149
May-Jun,low_yield_risk,classification_tuned_threshold,HistGradientBoostingClassifier_precision_ge_0_3,RECALL,0.0,149
May-Jun,low_yield_risk,classification_tuned_threshold,HistGradientBoostingClassifier_precision_ge_0_3,F1,0.0,149
May-Jun,low_yield_risk,classification_tuned_threshold,HistGradientBoostingClassifier_precision_ge_0_3,BRIER,0.15118105606464358,149
May-Jun,low_yield_risk,classification_tuned_threshold,HistGradientBoostingClassifier_precision_ge_0_3,ROC_AUC,0.5425015179113539,149
May-Jun,low_yield_risk,classification_tuned_threshold,HistGradientBoostingClassifier_precision_ge_0_3,PR_AUC,0.1952635979481617,149
May-Jun,low_yield_risk,classification,LightGBMClassifier,ROC_AUC,0.4996964177292047,149
May-Jun,low_yield_risk,classification,LightGBMClassifier,PR_AUC,0.18058831555192106,149
May-Jun,low_yield_risk,classification,LightGBMClassifier,Brier,0.15218293738627361,149
May-Jun,low_yield_risk,classification,LightGBMClassifier,F1_at_0.5,0.0,149
May-Jun,low_yield_risk,classification,LightGBMClassifier,Recall_at_0.5,0.0,149
May-Jun,low_yield_risk,classification_tuned_threshold,LightGBMClassifier_best_f1,PRECISION,0.18032786885245902,149
May-Jun,low_yield_risk,classification_tuned_threshold,LightGBMClassifier_best_f1,RECALL,0.8148148148148148,149
May-Jun,low_yield_risk,classification_tuned_threshold,LightGBMClassifier_best_f1,F1,0.2953020134228188,149
May-Jun,low_yield_risk,classification_tuned_threshold,LightGBMClassifier_best_f1,BRIER,0.15218293738627361,149
May-Jun,low_yield_risk,classification_tuned_threshold,LightGBMClassifier_best_f1,ROC_AUC,0.4996964177292047,149
May-Jun,low_yield_risk,classification_tuned_threshold,LightGBMClassifier_best_f1,PR_AUC,0.18058831555192106,149
May-Jun,low_yield_risk,classification_tuned_threshold,LightGBMClassifier_recall_ge_0_5,PRECISION,0.18032786885245902,149
May-Jun,low_yield_risk,classification_tuned_threshold,LightGBMClassifier_recall_ge_0_5,RECALL,0.8148148148148148,149
May-Jun,low_yield_risk,classification_tuned_threshold,LightGBMClassifier_recall_ge_0_5,F1,0.2953020134228188,149
May-Jun,low_yield_risk,classification_tuned_threshold,LightGBMClassifier_recall_ge_0_5,BRIER,0.15218293738627361,149
May-Jun,low_yield_risk,classification_tuned_threshold,LightGBMClassifier_recall_ge_0_5,ROC_AUC,0.4996964177292047,149
May-Jun,low_yield_risk,classification_tuned_threshold,LightGBMClassifier_recall_ge_0_5,PR_AUC,0.18058831555192106,149
May-Jun,low_yield_risk,classification_tuned_threshold,LightGBMClassifier_precision_ge_0_3,PRECISION,0.0,149
May-Jun,low_yield_risk,classification_tuned_threshold,LightGBMClassifier_precision_ge_0_3,RECALL,0.0,149
May-Jun,low_yield_risk,classification_tuned_threshold,LightGBMClassifier_precision_ge_0_3,F1,0.0,149
May-Jun,low_yield_risk,classification_tuned_threshold,LightGBMClassifier_precision_ge_0_3,BRIER,0.15218293738627361,149
May-Jun,low_yield_risk,classification_tuned_threshold,LightGBMClassifier_precision_ge_0_3,ROC_AUC,0.4996964177292047,149
May-Jun,low_yield_risk,classification_tuned_threshold,LightGBMClassifier_precision_ge_0_3,PR_AUC,0.18058831555192106,149
May-Jun,low_yield_risk,classification,CatBoostClassifier,ROC_AUC,0.5069823922282939,149
May-Jun,low_yield_risk,classification,CatBoostClassifier,PR_AUC,0.19463806847933757,149
May-Jun,low_yield_risk,classification,CatBoostClassifier,Brier,0.14898484646241214,149
May-Jun,low_yield_risk,classification,CatBoostClassifier,F1_at_0.5,0.0,149
May-Jun,low_yield_risk,classification,CatBoostClassifier,Recall_at_0.5,0.0,149
May-Jun,low_yield_risk,classification_tuned_threshold,CatBoostClassifier_best_f1,PRECISION,0.20512820512820512,149
May-Jun,low_yield_risk,classification_tuned_threshold,CatBoostClassifier_best_f1,RECALL,0.8888888888888888,149
May-Jun,low_yield_risk,classification_tuned_threshold,CatBoostClassifier_best_f1,F1,0.3333333333333333,149
May-Jun,low_yield_risk,classification_tuned_threshold,CatBoostClassifier_best_f1,BRIER,0.14898484646241214,149
May-Jun,low_yield_risk,classification_tuned_threshold,CatBoostClassifier_best_f1,ROC_AUC,0.5069823922282939,149
May-Jun,low_yield_risk,classification_tuned_threshold,CatBoostClassifier_best_f1,PR_AUC,0.19463806847933757,149
May-Jun,low_yield_risk,classification_tuned_threshold,CatBoostClassifier_recall_ge_0_5,PRECISION,0.20512820512820512,149
May-Jun,low_yield_risk,classification_tuned_threshold,CatBoostClassifier_recall_ge_0_5,RECALL,0.8888888888888888,149
May-Jun,low_yield_risk,classification_tuned_threshold,CatBoostClassifier_recall_ge_0_5,F1,0.3333333333333333,149
May-Jun,low_yield_risk,classification_tuned_threshold,CatBoostClassifier_recall_ge_0_5,BRIER,0.14898484646241214,149
May-Jun,low_yield_risk,classification_tuned_threshold,CatBoostClassifier_recall_ge_0_5,ROC_AUC,0.5069823922282939,149
May-Jun,low_yield_risk,classification_tuned_threshold,CatBoostClassifier_recall_ge_0_5,PR_AUC,0.19463806847933757,149
May-Jun,low_yield_risk,classification_tuned_threshold,CatBoostClassifier_precision_ge_0_3,PRECISION,0.0,149
May-Jun,low_yield_risk,classification_tuned_threshold,CatBoostClassifier_precision_ge_0_3,RECALL,0.0,149
May-Jun,low_yield_risk,classification_tuned_threshold,CatBoostClassifier_precision_ge_0_3,F1,0.0,149
May-Jun,low_yield_risk,classification_tuned_threshold,CatBoostClassifier_precision_ge_0_3,BRIER,0.14898484646241214,149
May-Jun,low_yield_risk,classification_tuned_threshold,CatBoostClassifier_precision_ge_0_3,ROC_AUC,0.5069823922282939,149
May-Jun,low_yield_risk,classification_tuned_threshold,CatBoostClassifier_precision_ge_0_3,PR_AUC,0.19463806847933757,149
May-Jun,yield_t_ha,probabilistic,SklearnQuantileGBR,coverage,0.33557046979865773,149
May-Jun,yield_t_ha,probabilistic,SklearnQuantileGBR,width,0.916909927724739,149
May-Jun,yield_t_ha,probabilistic,SklearnQuantileGBR,pinball_p10,0.12884862829813404,149
May-Jun,yield_t_ha,probabilistic,SklearnQuantileGBR,pinball_p50,0.31536081717289444,149
May-Jun,yield_t_ha,probabilistic,SklearnQuantileGBR,pinball_p90,0.25098038793422006,149
May-Jun,yield_t_ha,probabilistic,LightGBMQuantile,coverage,0.21476510067114093,149
May-Jun,yield_t_ha,probabilistic,LightGBMQuantile,width,0.6933557221207106,149
May-Jun,yield_t_ha,probabilistic,LightGBMQuantile,pinball_p10,0.1395863053542122,149
May-Jun,yield_t_ha,probabilistic,LightGBMQuantile,pinball_p50,0.30909923336455425,149
May-Jun,yield_t_ha,probabilistic,LightGBMQuantile,pinball_p90,0.2799030757391607,149
May-Jun,yield_t_ha,probabilistic,CatBoostQuantile,coverage,0.33557046979865773,149
May-Jun,yield_t_ha,probabilistic,CatBoostQuantile,width,0.8180982534933866,149
May-Jun,yield_t_ha,probabilistic,CatBoostQuantile,pinball_p10,0.12236908285675725,149
May-Jun,yield_t_ha,probabilistic,CatBoostQuantile,pinball_p50,0.30459492215292316,149
May-Jun,yield_t_ha,probabilistic,CatBoostQuantile,pinball_p90,0.26754694855615324,149
May-Jun,yield_t_ha,uncertainty,ConformalBestPoint_ElasticNet,coverage,0.7986577181208053,149
May-Jun,yield_t_ha,uncertainty,ConformalBestPoint_ElasticNet,width,1.56468844398832,149
May-Jun,yield_t_ha,uncertainty,ConformalBestPoint_ElasticNet,qhat,0.7823442219941601,149
May-Jul,yield_t_ha,regression,HistoricalMeanImprovedFeatures,MAE,0.6832091978473597,149
May-Jul,yield_t_ha,regression,HistoricalMeanImprovedFeatures,RMSE,0.9614447123179034,149
May-Jul,yield_t_ha,regression,HistoricalMeanImprovedFeatures,R2,0.4230688859871726,149
May-Jul,yield_t_ha,regression,Ridge,MAE,0.5298376071396558,149
May-Jul,yield_t_ha,regression,Ridge,RMSE,0.7199137830502319,149
May-Jul,yield_t_ha,regression,Ridge,R2,0.6765282877508391,149
May-Jul,yield_t_ha,regression,ElasticNet,MAE,0.5146042620704728,149
May-Jul,yield_t_ha,regression,ElasticNet,RMSE,0.7016084241913878,149
May-Jul,yield_t_ha,regression,ElasticNet,R2,0.6927690805839501,149
May-Jul,yield_t_ha,regression,HistGradientBoosting,MAE,0.5618668240611031,149
May-Jul,yield_t_ha,regression,HistGradientBoosting,RMSE,0.8167922296675523,149
May-Jul,yield_t_ha,regression,HistGradientBoosting,R2,0.5836116924563082,149
May-Jul,yield_t_ha,regression,LightGBM,MAE,0.5818867149166235,149
May-Jul,yield_t_ha,regression,LightGBM,RMSE,0.8476734362982431,149
May-Jul,yield_t_ha,regression,LightGBM,R2,0.5515309483540515,149
May-Jul,yield_t_ha,regression,CatBoost,MAE,0.5823944622964139,149
May-Jul,yield_t_ha,regression,CatBoost,RMSE,0.8397563421530836,149
May-Jul,yield_t_ha,regression,CatBoost,R2,0.5598690435448704,149
May-Jul,yield_shortfall,regression,HistoricalMeanImprovedFeatures,MAE,0.613296683056354,149
May-Jul,yield_shortfall,regression,HistoricalMeanImprovedFeatures,RMSE,0.8233386254350032,149
May-Jul,yield_shortfall,regression,HistoricalMeanImprovedFeatures,R2,-0.2258690386207014,149
May-Jul,yield_shortfall,regression,Ridge,MAE,0.5502969377678077,149
May-Jul,yield_shortfall,regression,Ridge,RMSE,0.7456691858910698,149
May-Jul,yield_shortfall,regression,Ridge,R2,-0.005494014235948752,149
May-Jul,yield_shortfall,regression,ElasticNet,MAE,0.5534513592746941,149
May-Jul,yield_shortfall,regression,ElasticNet,RMSE,0.7523108461700275,149
May-Jul,yield_shortfall,regression,ElasticNet,R2,-0.02348561387183512,149
May-Jul,yield_shortfall,regression,HistGradientBoosting,MAE,0.5904527066808894,149
May-Jul,yield_shortfall,regression,HistGradientBoosting,RMSE,0.807636098994905,149
May-Jul,yield_shortfall,regression,HistGradientBoosting,R2,-0.1795559377030973,149
May-Jul,yield_shortfall,regression,LightGBM,MAE,0.5969631189383319,149
May-Jul,yield_shortfall,regression,LightGBM,RMSE,0.7957284291367629,149
May-Jul,yield_shortfall,regression,LightGBM,R2,-0.14502994671350788,149
May-Jul,yield_shortfall,regression,CatBoost,MAE,0.5986737255012148,149
May-Jul,yield_shortfall,regression,CatBoost,RMSE,0.8016828664657969,149
May-Jul,yield_shortfall,regression,CatBoost,R2,-0.16223058551005165,149
May-Jul,low_yield_risk,classification,LogisticRegression,ROC_AUC,0.5686095931997571,149
May-Jul,low_yield_risk,classification,LogisticRegression,PR_AUC,0.21045639044591874,149
May-Jul,low_yield_risk,classification,LogisticRegression,Brier,0.14993270164420858,149
May-Jul,low_yield_risk,classification,LogisticRegression,F1_at_0.5,0.0,149
May-Jul,low_yield_risk,classification,LogisticRegression,Recall_at_0.5,0.0,149
May-Jul,low_yield_risk,classification_tuned_threshold,LogisticRegression_best_f1,PRECISION,0.22857142857142856,149
May-Jul,low_yield_risk,classification_tuned_threshold,LogisticRegression_best_f1,RECALL,0.5925925925925926,149
May-Jul,low_yield_risk,classification_tuned_threshold,LogisticRegression_best_f1,F1,0.32989690721649484,149
May-Jul,low_yield_risk,classification_tuned_threshold,LogisticRegression_best_f1,BRIER,0.14993270164420858,149
May-Jul,low_yield_risk,classification_tuned_threshold,LogisticRegression_best_f1,ROC_AUC,0.5686095931997571,149
May-Jul,low_yield_risk,classification_tuned_threshold,LogisticRegression_best_f1,PR_AUC,0.21045639044591874,149
May-Jul,low_yield_risk,classification_tuned_threshold,LogisticRegression_recall_ge_0_5,PRECISION,0.22857142857142856,149
May-Jul,low_yield_risk,classification_tuned_threshold,LogisticRegression_recall_ge_0_5,RECALL,0.5925925925925926,149
May-Jul,low_yield_risk,classification_tuned_threshold,LogisticRegression_recall_ge_0_5,F1,0.32989690721649484,149
May-Jul,low_yield_risk,classification_tuned_threshold,LogisticRegression_recall_ge_0_5,BRIER,0.14993270164420858,149
May-Jul,low_yield_risk,classification_tuned_threshold,LogisticRegression_recall_ge_0_5,ROC_AUC,0.5686095931997571,149
May-Jul,low_yield_risk,classification_tuned_threshold,LogisticRegression_recall_ge_0_5,PR_AUC,0.21045639044591874,149
May-Jul,low_yield_risk,classification_tuned_threshold,LogisticRegression_precision_ge_0_3,PRECISION,0.21333333333333335,149
May-Jul,low_yield_risk,classification_tuned_threshold,LogisticRegression_precision_ge_0_3,RECALL,0.5925925925925926,149
May-Jul,low_yield_risk,classification_tuned_threshold,LogisticRegression_precision_ge_0_3,F1,0.3137254901960784,149
May-Jul,low_yield_risk,classification_tuned_threshold,LogisticRegression_precision_ge_0_3,BRIER,0.14993270164420858,149
May-Jul,low_yield_risk,classification_tuned_threshold,LogisticRegression_precision_ge_0_3,ROC_AUC,0.5686095931997571,149
May-Jul,low_yield_risk,classification_tuned_threshold,LogisticRegression_precision_ge_0_3,PR_AUC,0.21045639044591874,149
May-Jul,low_yield_risk,classification,HistGradientBoostingClassifier,ROC_AUC,0.5866727383120826,149
May-Jul,low_yield_risk,classification,HistGradientBoostingClassifier,PR_AUC,0.20518046949037305,149
May-Jul,low_yield_risk,classification,HistGradientBoostingClassifier,Brier,0.1486838629287766,149
May-Jul,low_yield_risk,classification,HistGradientBoostingClassifier,F1_at_0.5,0.0,149
May-Jul,low_yield_risk,classification,HistGradientBoostingClassifier,Recall_at_0.5,0.0,149
May-Jul,low_yield_risk,classification_tuned_threshold,HistGradientBoostingClassifier_best_f1,PRECISION,0.21649484536082475,149
May-Jul,low_yield_risk,classification_tuned_threshold,HistGradientBoostingClassifier_best_f1,RECALL,0.7777777777777778,149
May-Jul,low_yield_risk,classification_tuned_threshold,HistGradientBoostingClassifier_best_f1,F1,0.3387096774193548,149
May-Jul,low_yield_risk,classification_tuned_threshold,HistGradientBoostingClassifier_best_f1,BRIER,0.1486838629287766,149
May-Jul,low_yield_risk,classification_tuned_threshold,HistGradientBoostingClassifier_best_f1,ROC_AUC,0.5866727383120826,149
May-Jul,low_yield_risk,classification_tuned_threshold,HistGradientBoostingClassifier_best_f1,PR_AUC,0.20518046949037305,149
May-Jul,low_yield_risk,classification_tuned_threshold,HistGradientBoostingClassifier_recall_ge_0_5,PRECISION,0.21649484536082475,149
May-Jul,low_yield_risk,classification_tuned_threshold,HistGradientBoostingClassifier_recall_ge_0_5,RECALL,0.7777777777777778,149
May-Jul,low_yield_risk,classification_tuned_threshold,HistGradientBoostingClassifier_recall_ge_0_5,F1,0.3387096774193548,149
May-Jul,low_yield_risk,classification_tuned_threshold,HistGradientBoostingClassifier_recall_ge_0_5,BRIER,0.1486838629287766,149
May-Jul,low_yield_risk,classification_tuned_threshold,HistGradientBoostingClassifier_recall_ge_0_5,ROC_AUC,0.5866727383120826,149
May-Jul,low_yield_risk,classification_tuned_threshold,HistGradientBoostingClassifier_recall_ge_0_5,PR_AUC,0.20518046949037305,149
May-Jul,low_yield_risk,classification_tuned_threshold,HistGradientBoostingClassifier_precision_ge_0_3,PRECISION,0.23076923076923078,149
May-Jul,low_yield_risk,classification_tuned_threshold,HistGradientBoostingClassifier_precision_ge_0_3,RECALL,0.2222222222222222,149
May-Jul,low_yield_risk,classification_tuned_threshold,HistGradientBoostingClassifier_precision_ge_0_3,F1,0.22641509433962265,149
May-Jul,low_yield_risk,classification_tuned_threshold,HistGradientBoostingClassifier_precision_ge_0_3,BRIER,0.1486838629287766,149
May-Jul,low_yield_risk,classification_tuned_threshold,HistGradientBoostingClassifier_precision_ge_0_3,ROC_AUC,0.5866727383120826,149
May-Jul,low_yield_risk,classification_tuned_threshold,HistGradientBoostingClassifier_precision_ge_0_3,PR_AUC,0.20518046949037305,149
May-Jul,low_yield_risk,classification,LightGBMClassifier,ROC_AUC,0.6303885853066181,149
May-Jul,low_yield_risk,classification,LightGBMClassifier,PR_AUC,0.2495824112206918,149
May-Jul,low_yield_risk,classification,LightGBMClassifier,Brier,0.14375095222969658,149
May-Jul,low_yield_risk,classification,LightGBMClassifier,F1_at_0.5,0.0,149
May-Jul,low_yield_risk,classification,LightGBMClassifier,Recall_at_0.5,0.0,149
May-Jul,low_yield_risk,classification_tuned_threshold,LightGBMClassifier_best_f1,PRECISION,0.2714285714285714,149
May-Jul,low_yield_risk,classification_tuned_threshold,LightGBMClassifier_best_f1,RECALL,0.7037037037037037,149
May-Jul,low_yield_risk,classification_tuned_threshold,LightGBMClassifier_best_f1,F1,0.3917525773195876,149
May-Jul,low_yield_risk,classification_tuned_threshold,LightGBMClassifier_best_f1,BRIER,0.14375095222969658,149
May-Jul,low_yield_risk,classification_tuned_threshold,LightGBMClassifier_best_f1,ROC_AUC,0.6303885853066181,149
May-Jul,low_yield_risk,classification_tuned_threshold,LightGBMClassifier_best_f1,PR_AUC,0.2495824112206918,149
May-Jul,low_yield_risk,classification_tuned_threshold,LightGBMClassifier_recall_ge_0_5,PRECISION,0.2714285714285714,149
May-Jul,low_yield_risk,classification_tuned_threshold,LightGBMClassifier_recall_ge_0_5,RECALL,0.7037037037037037,149
May-Jul,low_yield_risk,classification_tuned_threshold,LightGBMClassifier_recall_ge_0_5,F1,0.3917525773195876,149
May-Jul,low_yield_risk,classification_tuned_threshold,LightGBMClassifier_recall_ge_0_5,BRIER,0.14375095222969658,149
May-Jul,low_yield_risk,classification_tuned_threshold,LightGBMClassifier_recall_ge_0_5,ROC_AUC,0.6303885853066181,149
May-Jul,low_yield_risk,classification_tuned_threshold,LightGBMClassifier_recall_ge_0_5,PR_AUC,0.2495824112206918,149
May-Jul,low_yield_risk,classification_tuned_threshold,LightGBMClassifier_precision_ge_0_3,PRECISION,0.2714285714285714,149
May-Jul,low_yield_risk,classification_tuned_threshold,LightGBMClassifier_precision_ge_0_3,RECALL,0.7037037037037037,149
May-Jul,low_yield_risk,classification_tuned_threshold,LightGBMClassifier_precision_ge_0_3,F1,0.3917525773195876,149
May-Jul,low_yield_risk,classification_tuned_threshold,LightGBMClassifier_precision_ge_0_3,BRIER,0.14375095222969658,149
May-Jul,low_yield_risk,classification_tuned_threshold,LightGBMClassifier_precision_ge_0_3,ROC_AUC,0.6303885853066181,149
May-Jul,low_yield_risk,classification_tuned_threshold,LightGBMClassifier_precision_ge_0_3,PR_AUC,0.2495824112206918,149
May-Jul,low_yield_risk,classification,CatBoostClassifier,ROC_AUC,0.6281117182756526,149
May-Jul,low_yield_risk,classification,CatBoostClassifier,PR_AUC,0.22954909253285077,149
May-Jul,low_yield_risk,classification,CatBoostClassifier,Brier,0.15451834387070695,149
May-Jul,low_yield_risk,classification,CatBoostClassifier,F1_at_0.5,0.0,149
May-Jul,low_yield_risk,classification,CatBoostClassifier,Recall_at_0.5,0.0,149
May-Jul,low_yield_risk,classification_tuned_threshold,CatBoostClassifier_best_f1,PRECISION,0.23076923076923078,149
May-Jul,low_yield_risk,classification_tuned_threshold,CatBoostClassifier_best_f1,RECALL,0.5555555555555556,149
May-Jul,low_yield_risk,classification_tuned_threshold,CatBoostClassifier_best_f1,F1,0.32608695652173914,149
May-Jul,low_yield_risk,classification_tuned_threshold,CatBoostClassifier_best_f1,BRIER,0.15451834387070695,149
May-Jul,low_yield_risk,classification_tuned_threshold,CatBoostClassifier_best_f1,ROC_AUC,0.6281117182756526,149
May-Jul,low_yield_risk,classification_tuned_threshold,CatBoostClassifier_best_f1,PR_AUC,0.22954909253285077,149
May-Jul,low_yield_risk,classification_tuned_threshold,CatBoostClassifier_recall_ge_0_5,PRECISION,0.23076923076923078,149
May-Jul,low_yield_risk,classification_tuned_threshold,CatBoostClassifier_recall_ge_0_5,RECALL,0.5555555555555556,149
May-Jul,low_yield_risk,classification_tuned_threshold,CatBoostClassifier_recall_ge_0_5,F1,0.32608695652173914,149
May-Jul,low_yield_risk,classification_tuned_threshold,CatBoostClassifier_recall_ge_0_5,BRIER,0.15451834387070695,149
May-Jul,low_yield_risk,classification_tuned_threshold,CatBoostClassifier_recall_ge_0_5,ROC_AUC,0.6281117182756526,149
May-Jul,low_yield_risk,classification_tuned_threshold,CatBoostClassifier_recall_ge_0_5,PR_AUC,0.22954909253285077,149
May-Jul,low_yield_risk,classification_tuned_threshold,CatBoostClassifier_precision_ge_0_3,PRECISION,0.25316455696202533,149
May-Jul,low_yield_risk,classification_tuned_threshold,CatBoostClassifier_precision_ge_0_3,RECALL,0.7407407407407407,149
May-Jul,low_yield_risk,classification_tuned_threshold,CatBoostClassifier_precision_ge_0_3,F1,0.37735849056603776,149
May-Jul,low_yield_risk,classification_tuned_threshold,CatBoostClassifier_precision_ge_0_3,BRIER,0.15451834387070695,149
May-Jul,low_yield_risk,classification_tuned_threshold,CatBoostClassifier_precision_ge_0_3,ROC_AUC,0.6281117182756526,149
May-Jul,low_yield_risk,classification_tuned_threshold,CatBoostClassifier_precision_ge_0_3,PR_AUC,0.22954909253285077,149
May-Jul,yield_t_ha,probabilistic,SklearnQuantileGBR,coverage,0.5033557046979866,149
May-Jul,yield_t_ha,probabilistic,SklearnQuantileGBR,width,1.035495776479107,149
May-Jul,yield_t_ha,probabilistic,SklearnQuantileGBR,pinball_p10,0.10235004972790354,149
May-Jul,yield_t_ha,probabilistic,SklearnQuantileGBR,pinball_p50,0.2982605206801325,149
May-Jul,yield_t_ha,probabilistic,SklearnQuantileGBR,pinball_p90,0.24384032898037022,149
May-Jul,yield_t_ha,probabilistic,LightGBMQuantile,coverage,0.28859060402684567,149
May-Jul,yield_t_ha,probabilistic,LightGBMQuantile,width,0.7485905383368631,149
May-Jul,yield_t_ha,probabilistic,LightGBMQuantile,pinball_p10,0.11215049427587524,149
May-Jul,yield_t_ha,probabilistic,LightGBMQuantile,pinball_p50,0.2920763307363755,149
May-Jul,yield_t_ha,probabilistic,LightGBMQuantile,pinball_p90,0.2709890828382502,149
May-Jul,yield_t_ha,probabilistic,CatBoostQuantile,coverage,0.40268456375838924,149
May-Jul,yield_t_ha,probabilistic,CatBoostQuantile,width,0.8634087042422408,149
May-Jul,yield_t_ha,probabilistic,CatBoostQuantile,pinball_p10,0.09958767979886668,149
May-Jul,yield_t_ha,probabilistic,CatBoostQuantile,pinball_p50,0.3020935398372898,149
May-Jul,yield_t_ha,probabilistic,CatBoostQuantile,pinball_p90,0.2739772093105642,149
May-Jul,yield_t_ha,uncertainty,ConformalBestPoint_ElasticNet,coverage,0.7919463087248322,149
May-Jul,yield_t_ha,uncertainty,ConformalBestPoint_ElasticNet,width,1.422939978503379,149
May-Jul,yield_t_ha,uncertainty,ConformalBestPoint_ElasticNet,qhat,0.7114699892516894,149
May-Aug,yield_t_ha,regression,HistoricalMeanImprovedFeatures,MAE,0.6832091978473597,149
May-Aug,yield_t_ha,regression,HistoricalMeanImprovedFeatures,RMSE,0.9614447123179034,149
May-Aug,yield_t_ha,regression,HistoricalMeanImprovedFeatures,R2,0.4230688859871726,149
May-Aug,yield_t_ha,regression,Ridge,MAE,0.5353467768961759,149
May-Aug,yield_t_ha,regression,Ridge,RMSE,0.7500926217754497,149
May-Aug,yield_t_ha,regression,Ridge,R2,0.6488399373870681,149
May-Aug,yield_t_ha,regression,ElasticNet,MAE,0.5234468777638454,149
May-Aug,yield_t_ha,regression,ElasticNet,RMSE,0.7339301704753795,149
May-Aug,yield_t_ha,regression,ElasticNet,R2,0.6638099832542701,149
May-Aug,yield_t_ha,regression,HistGradientBoosting,MAE,0.5833363308330117,149
May-Aug,yield_t_ha,regression,HistGradientBoosting,RMSE,0.8660833723755329,149
May-Aug,yield_t_ha,regression,HistGradientBoosting,R2,0.53183953882645,149
May-Aug,yield_t_ha,regression,LightGBM,MAE,0.5754659242637166,149
May-Aug,yield_t_ha,regression,LightGBM,RMSE,0.878429949465506,149
May-Aug,yield_t_ha,regression,LightGBM,R2,0.5183965389916985,149
May-Aug,yield_t_ha,regression,CatBoost,MAE,0.5710393739742978,149
May-Aug,yield_t_ha,regression,CatBoost,RMSE,0.8574569782900153,149
May-Aug,yield_t_ha,regression,CatBoost,R2,0.5411190709688745,149
May-Aug,yield_shortfall,regression,HistoricalMeanImprovedFeatures,MAE,0.613296683056354,149
May-Aug,yield_shortfall,regression,HistoricalMeanImprovedFeatures,RMSE,0.8233386254350032,149
May-Aug,yield_shortfall,regression,HistoricalMeanImprovedFeatures,R2,-0.2258690386207014,149
May-Aug,yield_shortfall,regression,Ridge,MAE,0.5713202359098342,149
May-Aug,yield_shortfall,regression,Ridge,RMSE,0.7823767066139286,149
May-Aug,yield_shortfall,regression,Ridge,R2,-0.10692684520829254,149
May-Aug,yield_shortfall,regression,ElasticNet,MAE,0.5880927229319356,149
May-Aug,yield_shortfall,regression,ElasticNet,RMSE,0.8041252183171496,149
May-Aug,yield_shortfall,regression,ElasticNet,R2,-0.16932291602207838,149
May-Aug,yield_shortfall,regression,HistGradientBoosting,MAE,0.6264818339842049,149
May-Aug,yield_shortfall,regression,HistGradientBoosting,RMSE,0.8553627189677907,149
May-Aug,yield_shortfall,regression,HistGradientBoosting,R2,-0.3230849562960112,149
May-Aug,yield_shortfall,regression,LightGBM,MAE,0.6156635789339153,149
May-Aug,yield_shortfall,regression,LightGBM,RMSE,0.8338342444306095,149
May-Aug,yield_shortfall,regression,LightGBM,R2,-0.25732210328958627,149
May-Aug,yield_shortfall,regression,CatBoost,MAE,0.6154757005273818,149
May-Aug,yield_shortfall,regression,CatBoost,RMSE,0.8335169348335257,149
May-Aug,yield_shortfall,regression,CatBoost,R2,-0.25636535568196384,149
May-Aug,low_yield_risk,classification,LogisticRegression,ROC_AUC,0.6479963570127504,149
May-Aug,low_yield_risk,classification,LogisticRegression,PR_AUC,0.25319130218484615,149
May-Aug,low_yield_risk,classification,LogisticRegression,Brier,0.14691567956632828,149
May-Aug,low_yield_risk,classification,LogisticRegression,F1_at_0.5,0.0,149
May-Aug,low_yield_risk,classification,LogisticRegression,Recall_at_0.5,0.0,149
May-Aug,low_yield_risk,classification_tuned_threshold,LogisticRegression_best_f1,PRECISION,0.273972602739726,149
May-Aug,low_yield_risk,classification_tuned_threshold,LogisticRegression_best_f1,RECALL,0.7407407407407407,149
May-Aug,low_yield_risk,classification_tuned_threshold,LogisticRegression_best_f1,F1,0.4,149
May-Aug,low_yield_risk,classification_tuned_threshold,LogisticRegression_best_f1,BRIER,0.14691567956632828,149
May-Aug,low_yield_risk,classification_tuned_threshold,LogisticRegression_best_f1,ROC_AUC,0.6479963570127504,149
May-Aug,low_yield_risk,classification_tuned_threshold,LogisticRegression_best_f1,PR_AUC,0.25319130218484615,149
May-Aug,low_yield_risk,classification_tuned_threshold,LogisticRegression_recall_ge_0_5,PRECISION,0.273972602739726,149
May-Aug,low_yield_risk,classification_tuned_threshold,LogisticRegression_recall_ge_0_5,RECALL,0.7407407407407407,149
May-Aug,low_yield_risk,classification_tuned_threshold,LogisticRegression_recall_ge_0_5,F1,0.4,149
May-Aug,low_yield_risk,classification_tuned_threshold,LogisticRegression_recall_ge_0_5,BRIER,0.14691567956632828,149
May-Aug,low_yield_risk,classification_tuned_threshold,LogisticRegression_recall_ge_0_5,ROC_AUC,0.6479963570127504,149
May-Aug,low_yield_risk,classification_tuned_threshold,LogisticRegression_recall_ge_0_5,PR_AUC,0.25319130218484615,149
May-Aug,low_yield_risk,classification_tuned_threshold,LogisticRegression_precision_ge_0_3,PRECISION,0.2727272727272727,149
May-Aug,low_yield_risk,classification_tuned_threshold,LogisticRegression_precision_ge_0_3,RECALL,0.7777777777777778,149
May-Aug,low_yield_risk,classification_tuned_threshold,LogisticRegression_precision_ge_0_3,F1,0.40384615384615385,149
May-Aug,low_yield_risk,classification_tuned_threshold,LogisticRegression_precision_ge_0_3,BRIER,0.14691567956632828,149
May-Aug,low_yield_risk,classification_tuned_threshold,LogisticRegression_precision_ge_0_3,ROC_AUC,0.6479963570127504,149
May-Aug,low_yield_risk,classification_tuned_threshold,LogisticRegression_precision_ge_0_3,PR_AUC,0.25319130218484615,149
May-Aug,low_yield_risk,classification,HistGradientBoostingClassifier,ROC_AUC,0.531117182756527,149
May-Aug,low_yield_risk,classification,HistGradientBoostingClassifier,PR_AUC,0.19307053638010016,149
May-Aug,low_yield_risk,classification,HistGradientBoostingClassifier,Brier,0.1484793009814893,149
May-Aug,low_yield_risk,classification,HistGradientBoostingClassifier,F1_at_0.5,0.0,149
May-Aug,low_yield_risk,classification,HistGradientBoostingClassifier,Recall_at_0.5,0.0,149
May-Aug,low_yield_risk,classification_tuned_threshold,HistGradientBoostingClassifier_best_f1,PRECISION,0.2,149
May-Aug,low_yield_risk,classification_tuned_threshold,HistGradientBoostingClassifier_best_f1,RECALL,0.9259259259259259,149
May-Aug,low_yield_risk,classification_tuned_threshold,HistGradientBoostingClassifier_best_f1,F1,0.32894736842105265,149
May-Aug,low_yield_risk,classification_tuned_threshold,HistGradientBoostingClassifier_best_f1,BRIER,0.1484793009814893,149
May-Aug,low_yield_risk,classification_tuned_threshold,HistGradientBoostingClassifier_best_f1,ROC_AUC,0.531117182756527,149
May-Aug,low_yield_risk,classification_tuned_threshold,HistGradientBoostingClassifier_best_f1,PR_AUC,0.19307053638010016,149
May-Aug,low_yield_risk,classification_tuned_threshold,HistGradientBoostingClassifier_recall_ge_0_5,PRECISION,0.2,149
May-Aug,low_yield_risk,classification_tuned_threshold,HistGradientBoostingClassifier_recall_ge_0_5,RECALL,0.9259259259259259,149
May-Aug,low_yield_risk,classification_tuned_threshold,HistGradientBoostingClassifier_recall_ge_0_5,F1,0.32894736842105265,149
May-Aug,low_yield_risk,classification_tuned_threshold,HistGradientBoostingClassifier_recall_ge_0_5,BRIER,0.1484793009814893,149
May-Aug,low_yield_risk,classification_tuned_threshold,HistGradientBoostingClassifier_recall_ge_0_5,ROC_AUC,0.531117182756527,149
May-Aug,low_yield_risk,classification_tuned_threshold,HistGradientBoostingClassifier_recall_ge_0_5,PR_AUC,0.19307053638010016,149
May-Aug,low_yield_risk,classification_tuned_threshold,HistGradientBoostingClassifier_precision_ge_0_3,PRECISION,0.16216216216216217,149
May-Aug,low_yield_risk,classification_tuned_threshold,HistGradientBoostingClassifier_precision_ge_0_3,RECALL,0.2222222222222222,149
May-Aug,low_yield_risk,classification_tuned_threshold,HistGradientBoostingClassifier_precision_ge_0_3,F1,0.1875,149
May-Aug,low_yield_risk,classification_tuned_threshold,HistGradientBoostingClassifier_precision_ge_0_3,BRIER,0.1484793009814893,149
May-Aug,low_yield_risk,classification_tuned_threshold,HistGradientBoostingClassifier_precision_ge_0_3,ROC_AUC,0.531117182756527,149
May-Aug,low_yield_risk,classification_tuned_threshold,HistGradientBoostingClassifier_precision_ge_0_3,PR_AUC,0.19307053638010016,149
May-Aug,low_yield_risk,classification,LightGBMClassifier,ROC_AUC,0.6006375227686703,149
May-Aug,low_yield_risk,classification,LightGBMClassifier,PR_AUC,0.21452809207555384,149
May-Aug,low_yield_risk,classification,LightGBMClassifier,Brier,0.1493514641058263,149
May-Aug,low_yield_risk,classification,LightGBMClassifier,F1_at_0.5,0.0,149
May-Aug,low_yield_risk,classification,LightGBMClassifier,Recall_at_0.5,0.0,149
May-Aug,low_yield_risk,classification_tuned_threshold,LightGBMClassifier_best_f1,PRECISION,0.208,149
May-Aug,low_yield_risk,classification_tuned_threshold,LightGBMClassifier_best_f1,RECALL,0.9629629629629629,149
May-Aug,low_yield_risk,classification_tuned_threshold,LightGBMClassifier_best_f1,F1,0.34210526315789475,149
May-Aug,low_yield_risk,classification_tuned_threshold,LightGBMClassifier_best_f1,BRIER,0.1493514641058263,149
May-Aug,low_yield_risk,classification_tuned_threshold,LightGBMClassifier_best_f1,ROC_AUC,0.6006375227686703,149
May-Aug,low_yield_risk,classification_tuned_threshold,LightGBMClassifier_best_f1,PR_AUC,0.21452809207555384,149
May-Aug,low_yield_risk,classification_tuned_threshold,LightGBMClassifier_recall_ge_0_5,PRECISION,0.208,149
May-Aug,low_yield_risk,classification_tuned_threshold,LightGBMClassifier_recall_ge_0_5,RECALL,0.9629629629629629,149
May-Aug,low_yield_risk,classification_tuned_threshold,LightGBMClassifier_recall_ge_0_5,F1,0.34210526315789475,149
May-Aug,low_yield_risk,classification_tuned_threshold,LightGBMClassifier_recall_ge_0_5,BRIER,0.1493514641058263,149
May-Aug,low_yield_risk,classification_tuned_threshold,LightGBMClassifier_recall_ge_0_5,ROC_AUC,0.6006375227686703,149
May-Aug,low_yield_risk,classification_tuned_threshold,LightGBMClassifier_recall_ge_0_5,PR_AUC,0.21452809207555384,149
May-Aug,low_yield_risk,classification_tuned_threshold,LightGBMClassifier_precision_ge_0_3,PRECISION,0.0,149
May-Aug,low_yield_risk,classification_tuned_threshold,LightGBMClassifier_precision_ge_0_3,RECALL,0.0,149
May-Aug,low_yield_risk,classification_tuned_threshold,LightGBMClassifier_precision_ge_0_3,F1,0.0,149
May-Aug,low_yield_risk,classification_tuned_threshold,LightGBMClassifier_precision_ge_0_3,BRIER,0.1493514641058263,149
May-Aug,low_yield_risk,classification_tuned_threshold,LightGBMClassifier_precision_ge_0_3,ROC_AUC,0.6006375227686703,149
May-Aug,low_yield_risk,classification_tuned_threshold,LightGBMClassifier_precision_ge_0_3,PR_AUC,0.21452809207555384,149
May-Aug,low_yield_risk,classification,CatBoostClassifier,ROC_AUC,0.6625683060109289,149
May-Aug,low_yield_risk,classification,CatBoostClassifier,PR_AUC,0.26469832109291525,149
May-Aug,low_yield_risk,classification,CatBoostClassifier,Brier,0.19928405819921124,149
May-Aug,low_yield_risk,classification,CatBoostClassifier,F1_at_0.5,0.38095238095238093,149
May-Aug,low_yield_risk,classification,CatBoostClassifier,Recall_at_0.5,0.5925925925925926,149
May-Aug,low_yield_risk,classification_tuned_threshold,CatBoostClassifier_best_f1,PRECISION,0.24,149
May-Aug,low_yield_risk,classification_tuned_threshold,CatBoostClassifier_best_f1,RECALL,0.6666666666666666,149
May-Aug,low_yield_risk,classification_tuned_threshold,CatBoostClassifier_best_f1,F1,0.35294117647058826,149
May-Aug,low_yield_risk,classification_tuned_threshold,CatBoostClassifier_best_f1,BRIER,0.19928405819921124,149
May-Aug,low_yield_risk,classification_tuned_threshold,CatBoostClassifier_best_f1,ROC_AUC,0.6625683060109289,149
May-Aug,low_yield_risk,classification_tuned_threshold,CatBoostClassifier_best_f1,PR_AUC,0.26469832109291525,149
May-Aug,low_yield_risk,classification_tuned_threshold,CatBoostClassifier_recall_ge_0_5,PRECISION,0.2222222222222222,149
May-Aug,low_yield_risk,classification_tuned_threshold,CatBoostClassifier_recall_ge_0_5,RECALL,0.8888888888888888,149
May-Aug,low_yield_risk,classification_tuned_threshold,CatBoostClassifier_recall_ge_0_5,F1,0.35555555555555557,149
May-Aug,low_yield_risk,classification_tuned_threshold,CatBoostClassifier_recall_ge_0_5,BRIER,0.19928405819921124,149
May-Aug,low_yield_risk,classification_tuned_threshold,CatBoostClassifier_recall_ge_0_5,ROC_AUC,0.6625683060109289,149
May-Aug,low_yield_risk,classification_tuned_threshold,CatBoostClassifier_recall_ge_0_5,PR_AUC,0.26469832109291525,149
May-Aug,low_yield_risk,classification_tuned_threshold,CatBoostClassifier_precision_ge_0_3,PRECISION,0.24,149
May-Aug,low_yield_risk,classification_tuned_threshold,CatBoostClassifier_precision_ge_0_3,RECALL,0.6666666666666666,149
May-Aug,low_yield_risk,classification_tuned_threshold,CatBoostClassifier_precision_ge_0_3,F1,0.35294117647058826,149
May-Aug,low_yield_risk,classification_tuned_threshold,CatBoostClassifier_precision_ge_0_3,BRIER,0.19928405819921124,149
May-Aug,low_yield_risk,classification_tuned_threshold,CatBoostClassifier_precision_ge_0_3,ROC_AUC,0.6625683060109289,149
May-Aug,low_yield_risk,classification_tuned_threshold,CatBoostClassifier_precision_ge_0_3,PR_AUC,0.26469832109291525,149
May-Aug,yield_t_ha,probabilistic,SklearnQuantileGBR,coverage,0.4697986577181208,149
May-Aug,yield_t_ha,probabilistic,SklearnQuantileGBR,width,0.8690170065155698,149
May-Aug,yield_t_ha,probabilistic,SklearnQuantileGBR,pinball_p10,0.09526163846262109,149
May-Aug,yield_t_ha,probabilistic,SklearnQuantileGBR,pinball_p50,0.3079330642226077,149
May-Aug,yield_t_ha,probabilistic,SklearnQuantileGBR,pinball_p90,0.2742930049659967,149
May-Aug,yield_t_ha,probabilistic,LightGBMQuantile,coverage,0.33557046979865773,149
May-Aug,yield_t_ha,probabilistic,LightGBMQuantile,width,0.6498076398678192,149
May-Aug,yield_t_ha,probabilistic,LightGBMQuantile,pinball_p10,0.0952387538080756,149
May-Aug,yield_t_ha,probabilistic,LightGBMQuantile,pinball_p50,0.29610098511887356,149
May-Aug,yield_t_ha,probabilistic,LightGBMQuantile,pinball_p90,0.3127686267882987,149
May-Aug,yield_t_ha,probabilistic,CatBoostQuantile,coverage,0.42953020134228187,149
May-Aug,yield_t_ha,probabilistic,CatBoostQuantile,width,0.7586498066060328,149
May-Aug,yield_t_ha,probabilistic,CatBoostQuantile,pinball_p10,0.09414146888444092,149
May-Aug,yield_t_ha,probabilistic,CatBoostQuantile,pinball_p50,0.29170704984849466,149
May-Aug,yield_t_ha,probabilistic,CatBoostQuantile,pinball_p90,0.28909991257070583,149
May-Aug,yield_t_ha,uncertainty,ConformalBestPoint_ElasticNet,coverage,0.7114093959731543,149
May-Aug,yield_t_ha,uncertainty,ConformalBestPoint_ElasticNet,width,1.25878874862055,149
May-Aug,yield_t_ha,uncertainty,ConformalBestPoint_ElasticNet,qhat,0.6293943743102752,149
May-Sep,yield_t_ha,regression,HistoricalMeanImprovedFeatures,MAE,0.6832091978473597,149
May-Sep,yield_t_ha,regression,HistoricalMeanImprovedFeatures,RMSE,0.9614447123179034,149
May-Sep,yield_t_ha,regression,HistoricalMeanImprovedFeatures,R2,0.4230688859871726,149
May-Sep,yield_t_ha,regression,Ridge,MAE,0.46714806279507015,149
May-Sep,yield_t_ha,regression,Ridge,RMSE,0.7048987663980523,149
May-Sep,yield_t_ha,regression,Ridge,R2,0.689880673803648,149
May-Sep,yield_t_ha,regression,ElasticNet,MAE,0.4780718133407547,149
May-Sep,yield_t_ha,regression,ElasticNet,RMSE,0.7041555048716905,149
May-Sep,yield_t_ha,regression,ElasticNet,R2,0.6905343229589305,149
May-Sep,yield_t_ha,regression,HistGradientBoosting,MAE,0.5760707335761044,149
May-Sep,yield_t_ha,regression,HistGradientBoosting,RMSE,0.8658674430655432,149
May-Sep,yield_t_ha,regression,HistGradientBoosting,R2,0.5320729504514641,149
May-Sep,yield_t_ha,regression,LightGBM,MAE,0.5796299880285991,149
May-Sep,yield_t_ha,regression,LightGBM,RMSE,0.8819940089285192,149
May-Sep,yield_t_ha,regression,LightGBM,R2,0.514480585346007,149
May-Sep,yield_t_ha,regression,CatBoost,MAE,0.5750540157226154,149
May-Sep,yield_t_ha,regression,CatBoost,RMSE,0.8710196350626078,149
May-Sep,yield_t_ha,regression,CatBoost,R2,0.5264877475689607,149
May-Sep,yield_shortfall,regression,HistoricalMeanImprovedFeatures,MAE,0.613296683056354,149
May-Sep,yield_shortfall,regression,HistoricalMeanImprovedFeatures,RMSE,0.8233386254350032,149
May-Sep,yield_shortfall,regression,HistoricalMeanImprovedFeatures,R2,-0.2258690386207014,149
May-Sep,yield_shortfall,regression,Ridge,MAE,0.5115208652126539,149
May-Sep,yield_shortfall,regression,Ridge,RMSE,0.7213636504661537,149
May-Sep,yield_shortfall,regression,Ridge,R2,0.058987039135306785,149
May-Sep,yield_shortfall,regression,ElasticNet,MAE,0.5456578789595835,149
May-Sep,yield_shortfall,regression,ElasticNet,RMSE,0.7583838376888591,149
May-Sep,yield_shortfall,regression,ElasticNet,R2,-0.040076381165377484,149
May-Sep,yield_shortfall,regression,HistGradientBoosting,MAE,0.6155022652744764,149
May-Sep,yield_shortfall,regression,HistGradientBoosting,RMSE,0.8348114697383031,149
May-Sep,yield_shortfall,regression,HistGradientBoosting,R2,-0.2602709075083971,149
May-Sep,yield_shortfall,regression,LightGBM,MAE,0.5949137585245771,149
May-Sep,yield_shortfall,regression,LightGBM,RMSE,0.8016373223122378,149
May-Sep,yield_shortfall,regression,LightGBM,R2,-0.16209853502750504,149
May-Sep,yield_shortfall,regression,CatBoost,MAE,0.6168156278684465,149
May-Sep,yield_shortfall,regression,CatBoost,RMSE,0.8331519206668377,149
May-Sep,yield_shortfall,regression,CatBoost,R2,-0.25526522028947984,149
May-Sep,low_yield_risk,classification,LogisticRegression,ROC_AUC,0.6516393442622951,149
May-Sep,low_yield_risk,classification,LogisticRegression,PR_AUC,0.24379413406188236,149
May-Sep,low_yield_risk,classification,LogisticRegression,Brier,0.1506446558322702,149
May-Sep,low_yield_risk,classification,LogisticRegression,F1_at_0.5,0.0,149
May-Sep,low_yield_risk,classification,LogisticRegression,Recall_at_0.5,0.0,149
May-Sep,low_yield_risk,classification_tuned_threshold,LogisticRegression_best_f1,PRECISION,0.2358490566037736,149
May-Sep,low_yield_risk,classification_tuned_threshold,LogisticRegression_best_f1,RECALL,0.9259259259259259,149
May-Sep,low_yield_risk,classification_tuned_threshold,LogisticRegression_best_f1,F1,0.37593984962406013,149
May-Sep,low_yield_risk,classification_tuned_threshold,LogisticRegression_best_f1,BRIER,0.1506446558322702,149
May-Sep,low_yield_risk,classification_tuned_threshold,LogisticRegression_best_f1,ROC_AUC,0.6516393442622951,149
May-Sep,low_yield_risk,classification_tuned_threshold,LogisticRegression_best_f1,PR_AUC,0.24379413406188236,149
May-Sep,low_yield_risk,classification_tuned_threshold,LogisticRegression_recall_ge_0_5,PRECISION,0.2358490566037736,149
May-Sep,low_yield_risk,classification_tuned_threshold,LogisticRegression_recall_ge_0_5,RECALL,0.9259259259259259,149
May-Sep,low_yield_risk,classification_tuned_threshold,LogisticRegression_recall_ge_0_5,F1,0.37593984962406013,149
May-Sep,low_yield_risk,classification_tuned_threshold,LogisticRegression_recall_ge_0_5,BRIER,0.1506446558322702,149
May-Sep,low_yield_risk,classification_tuned_threshold,LogisticRegression_recall_ge_0_5,ROC_AUC,0.6516393442622951,149
May-Sep,low_yield_risk,classification_tuned_threshold,LogisticRegression_recall_ge_0_5,PR_AUC,0.24379413406188236,149
May-Sep,low_yield_risk,classification_tuned_threshold,LogisticRegression_precision_ge_0_3,PRECISION,0.2358490566037736,149
May-Sep,low_yield_risk,classification_tuned_threshold,LogisticRegression_precision_ge_0_3,RECALL,0.9259259259259259,149
May-Sep,low_yield_risk,classification_tuned_threshold,LogisticRegression_precision_ge_0_3,F1,0.37593984962406013,149
May-Sep,low_yield_risk,classification_tuned_threshold,LogisticRegression_precision_ge_0_3,BRIER,0.1506446558322702,149
May-Sep,low_yield_risk,classification_tuned_threshold,LogisticRegression_precision_ge_0_3,ROC_AUC,0.6516393442622951,149
May-Sep,low_yield_risk,classification_tuned_threshold,LogisticRegression_precision_ge_0_3,PR_AUC,0.24379413406188236,149
May-Sep,low_yield_risk,classification,HistGradientBoostingClassifier,ROC_AUC,0.6938372799028536,149
May-Sep,low_yield_risk,classification,HistGradientBoostingClassifier,PR_AUC,0.2694019731348358,149
May-Sep,low_yield_risk,classification,HistGradientBoostingClassifier,Brier,0.19740211874393754,149
May-Sep,low_yield_risk,classification,HistGradientBoostingClassifier,F1_at_0.5,0.40404040404040403,149
May-Sep,low_yield_risk,classification,HistGradientBoostingClassifier,Recall_at_0.5,0.7407407407407407,149
May-Sep,low_yield_risk,classification_tuned_threshold,HistGradientBoostingClassifier_best_f1,PRECISION,0.28169014084507044,149
May-Sep,low_yield_risk,classification_tuned_threshold,HistGradientBoostingClassifier_best_f1,RECALL,0.7407407407407407,149
May-Sep,low_yield_risk,classification_tuned_threshold,HistGradientBoostingClassifier_best_f1,F1,0.40816326530612246,149
May-Sep,low_yield_risk,classification_tuned_threshold,HistGradientBoostingClassifier_best_f1,BRIER,0.19740211874393754,149
May-Sep,low_yield_risk,classification_tuned_threshold,HistGradientBoostingClassifier_best_f1,ROC_AUC,0.6938372799028536,149
May-Sep,low_yield_risk,classification_tuned_threshold,HistGradientBoostingClassifier_best_f1,PR_AUC,0.2694019731348358,149
May-Sep,low_yield_risk,classification_tuned_threshold,HistGradientBoostingClassifier_recall_ge_0_5,PRECISION,0.28169014084507044,149
May-Sep,low_yield_risk,classification_tuned_threshold,HistGradientBoostingClassifier_recall_ge_0_5,RECALL,0.7407407407407407,149
May-Sep,low_yield_risk,classification_tuned_threshold,HistGradientBoostingClassifier_recall_ge_0_5,F1,0.40816326530612246,149
May-Sep,low_yield_risk,classification_tuned_threshold,HistGradientBoostingClassifier_recall_ge_0_5,BRIER,0.19740211874393754,149
May-Sep,low_yield_risk,classification_tuned_threshold,HistGradientBoostingClassifier_recall_ge_0_5,ROC_AUC,0.6938372799028536,149
May-Sep,low_yield_risk,classification_tuned_threshold,HistGradientBoostingClassifier_recall_ge_0_5,PR_AUC,0.2694019731348358,149
May-Sep,low_yield_risk,classification_tuned_threshold,HistGradientBoostingClassifier_precision_ge_0_3,PRECISION,0.28169014084507044,149
May-Sep,low_yield_risk,classification_tuned_threshold,HistGradientBoostingClassifier_precision_ge_0_3,RECALL,0.7407407407407407,149
May-Sep,low_yield_risk,classification_tuned_threshold,HistGradientBoostingClassifier_precision_ge_0_3,F1,0.40816326530612246,149
May-Sep,low_yield_risk,classification_tuned_threshold,HistGradientBoostingClassifier_precision_ge_0_3,BRIER,0.19740211874393754,149
May-Sep,low_yield_risk,classification_tuned_threshold,HistGradientBoostingClassifier_precision_ge_0_3,ROC_AUC,0.6938372799028536,149
May-Sep,low_yield_risk,classification_tuned_threshold,HistGradientBoostingClassifier_precision_ge_0_3,PR_AUC,0.2694019731348358,149
May-Sep,low_yield_risk,classification,LightGBMClassifier,ROC_AUC,0.6759259259259259,149
May-Sep,low_yield_risk,classification,LightGBMClassifier,PR_AUC,0.2609320005207926,149
May-Sep,low_yield_risk,classification,LightGBMClassifier,Brier,0.16842691790459494,149
May-Sep,low_yield_risk,classification,LightGBMClassifier,F1_at_0.5,0.4,149
May-Sep,low_yield_risk,classification,LightGBMClassifier,Recall_at_0.5,0.7777777777777778,149
May-Sep,low_yield_risk,classification_tuned_threshold,LightGBMClassifier_best_f1,PRECISION,0.2692307692307692,149
May-Sep,low_yield_risk,classification_tuned_threshold,LightGBMClassifier_best_f1,RECALL,0.7777777777777778,149
May-Sep,low_yield_risk,classification_tuned_threshold,LightGBMClassifier_best_f1,F1,0.4,149
May-Sep,low_yield_risk,classification_tuned_threshold,LightGBMClassifier_best_f1,BRIER,0.16842691790459494,149
May-Sep,low_yield_risk,classification_tuned_threshold,LightGBMClassifier_best_f1,ROC_AUC,0.6759259259259259,149
May-Sep,low_yield_risk,classification_tuned_threshold,LightGBMClassifier_best_f1,PR_AUC,0.2609320005207926,149
May-Sep,low_yield_risk,classification_tuned_threshold,LightGBMClassifier_recall_ge_0_5,PRECISION,0.2692307692307692,149
May-Sep,low_yield_risk,classification_tuned_threshold,LightGBMClassifier_recall_ge_0_5,RECALL,0.7777777777777778,149
May-Sep,low_yield_risk,classification_tuned_threshold,LightGBMClassifier_recall_ge_0_5,F1,0.4,149
May-Sep,low_yield_risk,classification_tuned_threshold,LightGBMClassifier_recall_ge_0_5,BRIER,0.16842691790459494,149
May-Sep,low_yield_risk,classification_tuned_threshold,LightGBMClassifier_recall_ge_0_5,ROC_AUC,0.6759259259259259,149
May-Sep,low_yield_risk,classification_tuned_threshold,LightGBMClassifier_recall_ge_0_5,PR_AUC,0.2609320005207926,149
May-Sep,low_yield_risk,classification_tuned_threshold,LightGBMClassifier_precision_ge_0_3,PRECISION,0.22727272727272727,149
May-Sep,low_yield_risk,classification_tuned_threshold,LightGBMClassifier_precision_ge_0_3,RECALL,0.9259259259259259,149
May-Sep,low_yield_risk,classification_tuned_threshold,LightGBMClassifier_precision_ge_0_3,F1,0.36496350364963503,149
May-Sep,low_yield_risk,classification_tuned_threshold,LightGBMClassifier_precision_ge_0_3,BRIER,0.16842691790459494,149
May-Sep,low_yield_risk,classification_tuned_threshold,LightGBMClassifier_precision_ge_0_3,ROC_AUC,0.6759259259259259,149
May-Sep,low_yield_risk,classification_tuned_threshold,LightGBMClassifier_precision_ge_0_3,PR_AUC,0.2609320005207926,149
May-Sep,low_yield_risk,classification,CatBoostClassifier,ROC_AUC,0.744535519125683,149
May-Sep,low_yield_risk,classification,CatBoostClassifier,PR_AUC,0.32293319377273677,149
May-Sep,low_yield_risk,classification,CatBoostClassifier,Brier,0.16635610198292552,149
May-Sep,low_yield_risk,classification,CatBoostClassifier,F1_at_0.5,0.47191011235955055,149
May-Sep,low_yield_risk,classification,CatBoostClassifier,Recall_at_0.5,0.7777777777777778,149
May-Sep,low_yield_risk,classification_tuned_threshold,CatBoostClassifier_best_f1,PRECISION,0.25,149
May-Sep,low_yield_risk,classification_tuned_threshold,CatBoostClassifier_best_f1,RECALL,0.8888888888888888,149
May-Sep,low_yield_risk,classification_tuned_threshold,CatBoostClassifier_best_f1,F1,0.3902439024390244,149
May-Sep,low_yield_risk,classification_tuned_threshold,CatBoostClassifier_best_f1,BRIER,0.16635610198292552,149
May-Sep,low_yield_risk,classification_tuned_threshold,CatBoostClassifier_best_f1,ROC_AUC,0.744535519125683,149
May-Sep,low_yield_risk,classification_tuned_threshold,CatBoostClassifier_best_f1,PR_AUC,0.32293319377273677,149
May-Sep,low_yield_risk,classification_tuned_threshold,CatBoostClassifier_recall_ge_0_5,PRECISION,0.25,149
May-Sep,low_yield_risk,classification_tuned_threshold,CatBoostClassifier_recall_ge_0_5,RECALL,0.8888888888888888,149
May-Sep,low_yield_risk,classification_tuned_threshold,CatBoostClassifier_recall_ge_0_5,F1,0.3902439024390244,149
May-Sep,low_yield_risk,classification_tuned_threshold,CatBoostClassifier_recall_ge_0_5,BRIER,0.16635610198292552,149
May-Sep,low_yield_risk,classification_tuned_threshold,CatBoostClassifier_recall_ge_0_5,ROC_AUC,0.744535519125683,149
May-Sep,low_yield_risk,classification_tuned_threshold,CatBoostClassifier_recall_ge_0_5,PR_AUC,0.32293319377273677,149
May-Sep,low_yield_risk,classification_tuned_threshold,CatBoostClassifier_precision_ge_0_3,PRECISION,0.2231404958677686,149
May-Sep,low_yield_risk,classification_tuned_threshold,CatBoostClassifier_precision_ge_0_3,RECALL,1.0,149
May-Sep,low_yield_risk,classification_tuned_threshold,CatBoostClassifier_precision_ge_0_3,F1,0.36486486486486486,149
May-Sep,low_yield_risk,classification_tuned_threshold,CatBoostClassifier_precision_ge_0_3,BRIER,0.16635610198292552,149
May-Sep,low_yield_risk,classification_tuned_threshold,CatBoostClassifier_precision_ge_0_3,ROC_AUC,0.744535519125683,149
May-Sep,low_yield_risk,classification_tuned_threshold,CatBoostClassifier_precision_ge_0_3,PR_AUC,0.32293319377273677,149
May-Sep,yield_t_ha,probabilistic,SklearnQuantileGBR,coverage,0.4697986577181208,149
May-Sep,yield_t_ha,probabilistic,SklearnQuantileGBR,width,0.8208368648696764,149
May-Sep,yield_t_ha,probabilistic,SklearnQuantileGBR,pinball_p10,0.09481257011041691,149
May-Sep,yield_t_ha,probabilistic,SklearnQuantileGBR,pinball_p50,0.3086565988212993,149
May-Sep,yield_t_ha,probabilistic,SklearnQuantileGBR,pinball_p90,0.3162617218968332,149
May-Sep,yield_t_ha,probabilistic,LightGBMQuantile,coverage,0.348993288590604,149
May-Sep,yield_t_ha,probabilistic,LightGBMQuantile,width,0.5677668371566038,149
May-Sep,yield_t_ha,probabilistic,LightGBMQuantile,pinball_p10,0.08936773898648163,149
May-Sep,yield_t_ha,probabilistic,LightGBMQuantile,pinball_p50,0.2996772970514991,149
May-Sep,yield_t_ha,probabilistic,LightGBMQuantile,pinball_p90,0.3393042079439227,149
May-Sep,yield_t_ha,probabilistic,CatBoostQuantile,coverage,0.42953020134228187,149
May-Sep,yield_t_ha,probabilistic,CatBoostQuantile,width,0.6760843570727627,149
May-Sep,yield_t_ha,probabilistic,CatBoostQuantile,pinball_p10,0.09182349928398767,149
May-Sep,yield_t_ha,probabilistic,CatBoostQuantile,pinball_p50,0.2932741999485811,149
May-Sep,yield_t_ha,probabilistic,CatBoostQuantile,pinball_p90,0.32047758316958486,149
May-Sep,yield_t_ha,uncertainty,ConformalBestPoint_ElasticNet,coverage,0.7583892617449665,149
May-Sep,yield_t_ha,uncertainty,ConformalBestPoint_ElasticNet,width,1.251473912652093,149
May-Sep,yield_t_ha,uncertainty,ConformalBestPoint_ElasticNet,qhat,0.6257369563260464,149
May-Oct,yield_t_ha,regression,HistoricalMeanImprovedFeatures,MAE,0.6832091978473597,149
May-Oct,yield_t_ha,regression,HistoricalMeanImprovedFeatures,RMSE,0.9614447123179034,149
May-Oct,yield_t_ha,regression,HistoricalMeanImprovedFeatures,R2,0.4230688859871726,149
May-Oct,yield_t_ha,regression,Ridge,MAE,0.42365648681531765,149
May-Oct,yield_t_ha,regression,Ridge,RMSE,0.6575938332932154,149
May-Oct,yield_t_ha,regression,Ridge,R2,0.730107513552382,149
May-Oct,yield_t_ha,regression,ElasticNet,MAE,0.43877943347415405,149
May-Oct,yield_t_ha,regression,ElasticNet,RMSE,0.6710226527657663,149
May-Oct,yield_t_ha,regression,ElasticNet,R2,0.7189719345552661,149
May-Oct,yield_t_ha,regression,HistGradientBoosting,MAE,0.5209914443008514,149
May-Oct,yield_t_ha,regression,HistGradientBoosting,RMSE,0.8110467544728664,149
May-Oct,yield_t_ha,regression,HistGradientBoosting,R2,0.5894490020757387,149
May-Oct,yield_t_ha,regression,LightGBM,MAE,0.5334350477571855,149
May-Oct,yield_t_ha,regression,LightGBM,RMSE,0.8289837159245363,149
May-Oct,yield_t_ha,regression,LightGBM,R2,0.5710888564145971,149
May-Oct,yield_t_ha,regression,CatBoost,MAE,0.5040929945975495,149
May-Oct,yield_t_ha,regression,CatBoost,RMSE,0.7744640305273255,149
May-Oct,yield_t_ha,regression,CatBoost,R2,0.6256500023739953,149
May-Oct,yield_shortfall,regression,HistoricalMeanImprovedFeatures,MAE,0.613296683056354,149
May-Oct,yield_shortfall,regression,HistoricalMeanImprovedFeatures,RMSE,0.8233386254350032,149
May-Oct,yield_shortfall,regression,HistoricalMeanImprovedFeatures,R2,-0.2258690386207014,149
May-Oct,yield_shortfall,regression,Ridge,MAE,0.45287387541854296,149
May-Oct,yield_shortfall,regression,Ridge,RMSE,0.6693541586783676,149
May-Oct,yield_shortfall,regression,Ridge,R2,0.18978733384597424,149
May-Oct,yield_shortfall,regression,ElasticNet,MAE,0.4944151929480834,149
May-Oct,yield_shortfall,regression,ElasticNet,RMSE,0.7120167003702366,149
May-Oct,yield_shortfall,regression,ElasticNet,R2,0.08321508945623501,149
May-Oct,yield_shortfall,regression,HistGradientBoosting,MAE,0.5556437457913139,149
May-Oct,yield_shortfall,regression,HistGradientBoosting,RMSE,0.7807302867074721,149
May-Oct,yield_shortfall,regression,HistGradientBoosting,R2,-0.10227295202795195,149
May-Oct,yield_shortfall,regression,LightGBM,MAE,0.5528259870831463,149
May-Oct,yield_shortfall,regression,LightGBM,RMSE,0.7643612061678203,149
May-Oct,yield_shortfall,regression,LightGBM,R2,-0.056536172301207444,149
May-Oct,yield_shortfall,regression,CatBoost,MAE,0.5550301166744331,149
May-Oct,yield_shortfall,regression,CatBoost,RMSE,0.7524293514815417,149
May-Oct,yield_shortfall,regression,CatBoost,R2,-0.023808081731778508,149
May-Oct,low_yield_risk,classification,LogisticRegression,ROC_AUC,0.7970552519732848,149
May-Oct,low_yield_risk,classification,LogisticRegression,PR_AUC,0.3904661429803322,149
May-Oct,low_yield_risk,classification,LogisticRegression,Brier,0.1348246872102882,149
May-Oct,low_yield_risk,classification,LogisticRegression,F1_at_0.5,0.12903225806451613,149
May-Oct,low_yield_risk,classification,LogisticRegression,Recall_at_0.5,0.07407407407407407,149
May-Oct,low_yield_risk,classification_tuned_threshold,LogisticRegression_best_f1,PRECISION,0.30864197530864196,149
May-Oct,low_yield_risk,classification_tuned_threshold,LogisticRegression_best_f1,RECALL,0.9259259259259259,149
May-Oct,low_yield_risk,classification_tuned_threshold,LogisticRegression_best_f1,F1,0.46296296296296297,149
May-Oct,low_yield_risk,classification_tuned_threshold,LogisticRegression_best_f1,BRIER,0.1348246872102882,149
May-Oct,low_yield_risk,classification_tuned_threshold,LogisticRegression_best_f1,ROC_AUC,0.7970552519732848,149
May-Oct,low_yield_risk,classification_tuned_threshold,LogisticRegression_best_f1,PR_AUC,0.3904661429803322,149
May-Oct,low_yield_risk,classification_tuned_threshold,LogisticRegression_recall_ge_0_5,PRECISION,0.30864197530864196,149
May-Oct,low_yield_risk,classification_tuned_threshold,LogisticRegression_recall_ge_0_5,RECALL,0.9259259259259259,149
May-Oct,low_yield_risk,classification_tuned_threshold,LogisticRegression_recall_ge_0_5,F1,0.46296296296296297,149
May-Oct,low_yield_risk,classification_tuned_threshold,LogisticRegression_recall_ge_0_5,BRIER,0.1348246872102882,149
May-Oct,low_yield_risk,classification_tuned_threshold,LogisticRegression_recall_ge_0_5,ROC_AUC,0.7970552519732848,149
May-Oct,low_yield_risk,classification_tuned_threshold,LogisticRegression_recall_ge_0_5,PR_AUC,0.3904661429803322,149
May-Oct,low_yield_risk,classification_tuned_threshold,LogisticRegression_precision_ge_0_3,PRECISION,0.46875,149
May-Oct,low_yield_risk,classification_tuned_threshold,LogisticRegression_precision_ge_0_3,RECALL,0.5555555555555556,149
May-Oct,low_yield_risk,classification_tuned_threshold,LogisticRegression_precision_ge_0_3,F1,0.5084745762711864,149
May-Oct,low_yield_risk,classification_tuned_threshold,LogisticRegression_precision_ge_0_3,BRIER,0.1348246872102882,149
May-Oct,low_yield_risk,classification_tuned_threshold,LogisticRegression_precision_ge_0_3,ROC_AUC,0.7970552519732848,149
May-Oct,low_yield_risk,classification_tuned_threshold,LogisticRegression_precision_ge_0_3,PR_AUC,0.3904661429803322,149
May-Oct,low_yield_risk,classification,HistGradientBoostingClassifier,ROC_AUC,0.6287188828172434,149
May-Oct,low_yield_risk,classification,HistGradientBoostingClassifier,PR_AUC,0.2761903678816332,149
May-Oct,low_yield_risk,classification,HistGradientBoostingClassifier,Brier,0.14889349621836112,149
May-Oct,low_yield_risk,classification,HistGradientBoostingClassifier,F1_at_0.5,0.0,149
May-Oct,low_yield_risk,classification,HistGradientBoostingClassifier,Recall_at_0.5,0.0,149
May-Oct,low_yield_risk,classification_tuned_threshold,HistGradientBoostingClassifier_best_f1,PRECISION,0.3793103448275862,149
May-Oct,low_yield_risk,classification_tuned_threshold,HistGradientBoostingClassifier_best_f1,RECALL,0.4074074074074074,149
May-Oct,low_yield_risk,classification_tuned_threshold,HistGradientBoostingClassifier_best_f1,F1,0.39285714285714285,149
May-Oct,low_yield_risk,classification_tuned_threshold,HistGradientBoostingClassifier_best_f1,BRIER,0.14889349621836112,149
May-Oct,low_yield_risk,classification_tuned_threshold,HistGradientBoostingClassifier_best_f1,ROC_AUC,0.6287188828172434,149
May-Oct,low_yield_risk,classification_tuned_threshold,HistGradientBoostingClassifier_best_f1,PR_AUC,0.2761903678816332,149
May-Oct,low_yield_risk,classification_tuned_threshold,HistGradientBoostingClassifier_recall_ge_0_5,PRECISION,0.3793103448275862,149
May-Oct,low_yield_risk,classification_tuned_threshold,HistGradientBoostingClassifier_recall_ge_0_5,RECALL,0.4074074074074074,149
May-Oct,low_yield_risk,classification_tuned_threshold,HistGradientBoostingClassifier_recall_ge_0_5,F1,0.39285714285714285,149
May-Oct,low_yield_risk,classification_tuned_threshold,HistGradientBoostingClassifier_recall_ge_0_5,BRIER,0.14889349621836112,149
May-Oct,low_yield_risk,classification_tuned_threshold,HistGradientBoostingClassifier_recall_ge_0_5,ROC_AUC,0.6287188828172434,149
May-Oct,low_yield_risk,classification_tuned_threshold,HistGradientBoostingClassifier_recall_ge_0_5,PR_AUC,0.2761903678816332,149
May-Oct,low_yield_risk,classification_tuned_threshold,HistGradientBoostingClassifier_precision_ge_0_3,PRECISION,0.3793103448275862,149
May-Oct,low_yield_risk,classification_tuned_threshold,HistGradientBoostingClassifier_precision_ge_0_3,RECALL,0.4074074074074074,149
May-Oct,low_yield_risk,classification_tuned_threshold,HistGradientBoostingClassifier_precision_ge_0_3,F1,0.39285714285714285,149
May-Oct,low_yield_risk,classification_tuned_threshold,HistGradientBoostingClassifier_precision_ge_0_3,BRIER,0.14889349621836112,149
May-Oct,low_yield_risk,classification_tuned_threshold,HistGradientBoostingClassifier_precision_ge_0_3,ROC_AUC,0.6287188828172434,149
May-Oct,low_yield_risk,classification_tuned_threshold,HistGradientBoostingClassifier_precision_ge_0_3,PR_AUC,0.2761903678816332,149
May-Oct,low_yield_risk,classification,LightGBMClassifier,ROC_AUC,0.6423800850030358,149
May-Oct,low_yield_risk,classification,LightGBMClassifier,PR_AUC,0.27488786548814315,149
May-Oct,low_yield_risk,classification,LightGBMClassifier,Brier,0.14698622387647436,149
May-Oct,low_yield_risk,classification,LightGBMClassifier,F1_at_0.5,0.0,149
May-Oct,low_yield_risk,classification,LightGBMClassifier,Recall_at_0.5,0.0,149
May-Oct,low_yield_risk,classification_tuned_threshold,LightGBMClassifier_best_f1,PRECISION,0.3333333333333333,149
May-Oct,low_yield_risk,classification_tuned_threshold,LightGBMClassifier_best_f1,RECALL,0.5185185185185185,149
May-Oct,low_yield_risk,classification_tuned_threshold,LightGBMClassifier_best_f1,F1,0.4057971014492754,149
May-Oct,low_yield_risk,classification_tuned_threshold,LightGBMClassifier_best_f1,BRIER,0.14698622387647436,149
May-Oct,low_yield_risk,classification_tuned_threshold,LightGBMClassifier_best_f1,ROC_AUC,0.6423800850030358,149
May-Oct,low_yield_risk,classification_tuned_threshold,LightGBMClassifier_best_f1,PR_AUC,0.27488786548814315,149
May-Oct,low_yield_risk,classification_tuned_threshold,LightGBMClassifier_recall_ge_0_5,PRECISION,0.3333333333333333,149
May-Oct,low_yield_risk,classification_tuned_threshold,LightGBMClassifier_recall_ge_0_5,RECALL,0.5185185185185185,149
May-Oct,low_yield_risk,classification_tuned_threshold,LightGBMClassifier_recall_ge_0_5,F1,0.4057971014492754,149
May-Oct,low_yield_risk,classification_tuned_threshold,LightGBMClassifier_recall_ge_0_5,BRIER,0.14698622387647436,149
May-Oct,low_yield_risk,classification_tuned_threshold,LightGBMClassifier_recall_ge_0_5,ROC_AUC,0.6423800850030358,149
May-Oct,low_yield_risk,classification_tuned_threshold,LightGBMClassifier_recall_ge_0_5,PR_AUC,0.27488786548814315,149
May-Oct,low_yield_risk,classification_tuned_threshold,LightGBMClassifier_precision_ge_0_3,PRECISION,0.3333333333333333,149
May-Oct,low_yield_risk,classification_tuned_threshold,LightGBMClassifier_precision_ge_0_3,RECALL,0.5185185185185185,149
May-Oct,low_yield_risk,classification_tuned_threshold,LightGBMClassifier_precision_ge_0_3,F1,0.4057971014492754,149
May-Oct,low_yield_risk,classification_tuned_threshold,LightGBMClassifier_precision_ge_0_3,BRIER,0.14698622387647436,149
May-Oct,low_yield_risk,classification_tuned_threshold,LightGBMClassifier_precision_ge_0_3,ROC_AUC,0.6423800850030358,149
May-Oct,low_yield_risk,classification_tuned_threshold,LightGBMClassifier_precision_ge_0_3,PR_AUC,0.27488786548814315,149
May-Oct,low_yield_risk,classification,CatBoostClassifier,ROC_AUC,0.6549787492410444,149
May-Oct,low_yield_risk,classification,CatBoostClassifier,PR_AUC,0.2857838263319248,149
May-Oct,low_yield_risk,classification,CatBoostClassifier,Brier,0.15384615908574348,149
May-Oct,low_yield_risk,classification,CatBoostClassifier,F1_at_0.5,0.06896551724137931,149
May-Oct,low_yield_risk,classification,CatBoostClassifier,Recall_at_0.5,0.037037037037037035,149
May-Oct,low_yield_risk,classification_tuned_threshold,CatBoostClassifier_best_f1,PRECISION,0.3409090909090909,149
May-Oct,low_yield_risk,classification_tuned_threshold,CatBoostClassifier_best_f1,RECALL,0.5555555555555556,149
May-Oct,low_yield_risk,classification_tuned_threshold,CatBoostClassifier_best_f1,F1,0.4225352112676056,149
May-Oct,low_yield_risk,classification_tuned_threshold,CatBoostClassifier_best_f1,BRIER,0.15384615908574348,149
May-Oct,low_yield_risk,classification_tuned_threshold,CatBoostClassifier_best_f1,ROC_AUC,0.6549787492410444,149
May-Oct,low_yield_risk,classification_tuned_threshold,CatBoostClassifier_best_f1,PR_AUC,0.2857838263319248,149
May-Oct,low_yield_risk,classification_tuned_threshold,CatBoostClassifier_recall_ge_0_5,PRECISION,0.3409090909090909,149
May-Oct,low_yield_risk,classification_tuned_threshold,CatBoostClassifier_recall_ge_0_5,RECALL,0.5555555555555556,149
May-Oct,low_yield_risk,classification_tuned_threshold,CatBoostClassifier_recall_ge_0_5,F1,0.4225352112676056,149
May-Oct,low_yield_risk,classification_tuned_threshold,CatBoostClassifier_recall_ge_0_5,BRIER,0.15384615908574348,149
May-Oct,low_yield_risk,classification_tuned_threshold,CatBoostClassifier_recall_ge_0_5,ROC_AUC,0.6549787492410444,149
May-Oct,low_yield_risk,classification_tuned_threshold,CatBoostClassifier_recall_ge_0_5,PR_AUC,0.2857838263319248,149
May-Oct,low_yield_risk,classification_tuned_threshold,CatBoostClassifier_precision_ge_0_3,PRECISION,0.3,149
May-Oct,low_yield_risk,classification_tuned_threshold,CatBoostClassifier_precision_ge_0_3,RECALL,0.5555555555555556,149
May-Oct,low_yield_risk,classification_tuned_threshold,CatBoostClassifier_precision_ge_0_3,F1,0.38961038961038963,149
May-Oct,low_yield_risk,classification_tuned_threshold,CatBoostClassifier_precision_ge_0_3,BRIER,0.15384615908574348,149
May-Oct,low_yield_risk,classification_tuned_threshold,CatBoostClassifier_precision_ge_0_3,ROC_AUC,0.6549787492410444,149
May-Oct,low_yield_risk,classification_tuned_threshold,CatBoostClassifier_precision_ge_0_3,PR_AUC,0.2857838263319248,149
May-Oct,yield_t_ha,probabilistic,SklearnQuantileGBR,coverage,0.37583892617449666,149
May-Oct,yield_t_ha,probabilistic,SklearnQuantileGBR,width,0.7358866269356246,149
May-Oct,yield_t_ha,probabilistic,SklearnQuantileGBR,pinball_p10,0.10103195976010342,149
May-Oct,yield_t_ha,probabilistic,SklearnQuantileGBR,pinball_p50,0.2560303612546349,149
May-Oct,yield_t_ha,probabilistic,SklearnQuantileGBR,pinball_p90,0.26873934235291747,149
May-Oct,yield_t_ha,probabilistic,LightGBMQuantile,coverage,0.3422818791946309,149
May-Oct,yield_t_ha,probabilistic,LightGBMQuantile,width,0.616045305599021,149
May-Oct,yield_t_ha,probabilistic,LightGBMQuantile,pinball_p10,0.10637461250622092,149
May-Oct,yield_t_ha,probabilistic,LightGBMQuantile,pinball_p50,0.26652726282468914,149
May-Oct,yield_t_ha,probabilistic,LightGBMQuantile,pinball_p90,0.26559264089244383,149
May-Oct,yield_t_ha,probabilistic,CatBoostQuantile,coverage,0.436241610738255,149
May-Oct,yield_t_ha,probabilistic,CatBoostQuantile,width,0.6932048286126439,149
May-Oct,yield_t_ha,probabilistic,CatBoostQuantile,pinball_p10,0.0935978287828185,149
May-Oct,yield_t_ha,probabilistic,CatBoostQuantile,pinball_p50,0.26597451545104367,149
May-Oct,yield_t_ha,probabilistic,CatBoostQuantile,pinball_p90,0.2593880509825763,149
May-Oct,yield_t_ha,uncertainty,ConformalBestPoint_ElasticNet,coverage,0.7516778523489933,149
May-Oct,yield_t_ha,uncertainty,ConformalBestPoint_ElasticNet,width,1.1253429913850335,149
May-Oct,yield_t_ha,uncertainty,ConformalBestPoint_ElasticNet,qhat,0.5626714956925167,149
